Datum,Biomasse[MWh],Wasserkraft[MWh],Wind Offshore[MWh],Wind Onshore[MWh],Photovoltaik[MWh],Sonstige Erneuerbare[MWh],Kernenergie[MWh],Braunkohle[MWh],Steinkohle[MWh],Erdgas[MWh],Pumpspeicher[MWh],Sonstige Konventionelle[MWh]
18.06.2021 00:00,974,533,320,2194,0,33,1633,3008,1294,1891,23,368
18.06.2021 00:15,974,556,309,2107,0,33,1633,3001,1271,1802,72,372
18.06.2021 00:30,970,553,287,2030,0,33,1633,2998,1241,1825,45,372
18.06.2021 00:45,970,548,247,1969,0,33,1633,2999,1203,1783,31,368
18.06.2021 01:00,971,580,219,1901,0,33,1634,2968,1168,1807,62,372
18.06.2021 01:15,970,565,218,1817,0,33,1634,2937,1165,1808,36,368
18.06.2021 01:30,975,551,200,1735,0,33,1634,2936,1160,1799,26,365
18.06.2021 01:45,980,538,201,1658,0,33,1634,2935,1150,1741,15,365
18.06.2021 02:00,978,539,194,1595,0,33,1635,2947,1137,1699,7,373
18.06.2021 02:15,981,530,192,1541,0,33,1636,2940,1134,1695,4,369
18.06.2021 02:30,984,535,190,1501,0,33,1637,2944,1135,1682,4,366
18.06.2021 02:45,986,545,185,1473,0,33,1637,2968,1141,1681,7,367
18.06.2021 03:00,983,560,182,1424,0,33,1637,3006,1142,1590,10,368
18.06.2021 03:15,985,540,179,1394,0,33,1637,3025,1141,1597,3,368
18.06.2021 03:30,985,543,171,1375,0,33,1638,3051,1143,1597,5,368
18.06.2021 03:45,981,544,170,1364,0,33,1639,3075,1139,1582,3,370
18.06.2021 04:00,976,545,190,1329,0,33,1638,3101,1136,1508,3,366
18.06.2021 04:15,974,537,198,1287,0,33,1639,3106,1140,1551,3,366
18.06.2021 04:30,975,536,213,1268,1,33,1639,3141,1145,1580,3,367
18.06.2021 04:45,980,548,227,1280,7,33,1639,3144,1156,1580,2,367
18.06.2021 05:00,993,534,234,1281,27,33,1639,3133,1145,1603,1,367
18.06.2021 05:15,991,550,225,1333,58,33,1639,3127,1145,1605,1,366
18.06.2021 05:30,993,560,218,1329,125,33,1640,3132,1186,1680,2,367
18.06.2021 05:45,999,574,244,1328,238,33,1640,3128,1259,1800,7,360
18.06.2021 06:00,1018,561,249,1311,385,33,1641,3131,1331,1915,26,361
18.06.2021 06:15,1026,601,249,1273,576,33,1642,3142,1409,1935,84,366
18.06.2021 06:30,1031,633,212,1176,810,33,1641,3162,1456,1941,201,365
18.06.2021 06:45,1037,611,190,1078,1104,33,1623,3160,1512,1959,387,368
18.06.2021 07:00,1047,569,168,970,1432,33,1614,3151,1602,2001,556,371
18.06.2021 07:15,1060,602,151,873,1801,33,1608,3143,1655,2009,675,369
18.06.2021 07:30,1052,611,153,721,2193,33,1607,3143,1663,2016,678,368
18.06.2021 07:45,1050,615,154,591,2613,33,1606,3146,1717,2009,686,369
18.06.2021 08:00,1053,645,159,503,3051,33,1605,3150,1791,2009,1172,366
18.06.2021 08:15,1051,623,160,432,3518,33,1588,3144,1817,1987,1179,366
18.06.2021 08:30,1051,606,168,410,3968,34,1576,3138,1847,1839,1155,365
18.06.2021 08:45,1052,562,198,426,4420,34,1569,3132,1861,1822,836,374
18.06.2021 09:00,1051,620,223,450,4840,34,1569,3108,1875,1816,1147,371
18.06.2021 09:15,1041,599,231,457,5245,33,1568,3101,1889,1824,932,372
18.06.2021 09:30,1037,572,233,504,5603,33,1567,3089,1910,1830,743,372
18.06.2021 09:45,1036,548,313,551,5957,34,1566,3055,1912,1840,530,367
18.06.2021 10:00,1012,610,376,651,6278,34,1570,3012,1904,1819,481,366
18.06.2021 10:15,1005,547,508,746,6554,34,1569,3000,1906,1796,175,369
18.06.2021 10:30,1005,561,608,818,6822,34,1571,2995,1912,1786,67,370
18.06.2021 10:45,1003,542,569,859,7078,34,1571,2999,1865,1773,37,367
18.06.2021 11:00,993,578,567,919,7303,34,1569,2969,1844,1772,71,376
18.06.2021 11:15,991,538,580,958,7515,34,1568,2962,1841,1788,76,379
18.06.2021 11:30,984,584,579,985,7672,34,1567,2956,1819,1800,90,382
18.06.2021 11:45,968,585,532,1011,7815,34,1567,2957,1785,1803,57,383
18.06.2021 12:00,943,611,453,1010,7935,34,1577,2917,1771,1778,83,384
18.06.2021 12:15,939,582,446,997,8030,34,1585,2888,1745,1784,63,387
18.06.2021 12:30,934,552,451,970,8121,34,1584,2878,1713,1787,36,383
18.06.2021 12:45,937,555,456,941,8156,34,1583,2887,1684,1772,48,383
18.06.2021 13:00,932,567,490,895,8169,33,1584,2935,1663,1670,32,386
18.06.2021 13:15,932,518,512,853,8153,33,1584,2926,1661,1627,6,386
18.06.2021 13:30,929,514,542,804,8093,33,1586,2937,1657,1612,3,388
18.06.2021 13:45,925,517,563,763,8002,33,1574,2964,1653,1609,4,385
18.06.2021 14:00,925,533,624,731,7937,33,1569,3008,1626,1595,10,381
18.06.2021 14:15,926,515,657,728,7839,33,1567,3000,1621,1616,4,384
18.06.2021 14:30,926,532,713,730,7711,33,1566,2995,1621,1612,8,378
18.06.2021 14:45,922,548,739,743,7546,33,1565,3000,1620,1637,25,382
18.06.2021 15:00,927,541,736,759,7330,33,1569,3032,1614,1620,5,376
18.06.2021 15:15,926,569,702,756,7103,33,1569,3039,1590,1634,46,376
18.06.2021 15:30,924,572,670,748,6868,33,1568,3037,1544,1651,76,380
18.06.2021 15:45,926,573,667,757,6625,33,1568,3046,1560,1658,77,381
18.06.2021 16:00,929,550,696,752,6337,33,1567,3069,1532,1660,24,377
18.06.2021 16:15,948,554,750,747,6046,33,1566,3100,1516,1709,51,377
18.06.2021 16:30,941,534,811,816,5715,33,1566,3125,1497,1752,38,380
18.06.2021 16:45,939,584,868,834,5336,33,1566,3139,1502,1832,69,376
18.06.2021 17:00,949,533,923,910,4970,33,1578,3153,1509,1890,6,375
18.06.2021 17:15,962,586,935,918,4566,33,1588,3146,1531,1884,87,378
18.06.2021 17:30,962,593,963,926,4166,33,1587,3167,1584,1916,104,377
18.06.2021 17:45,965,609,965,963,3712,33,1587,3170,1631,1914,246,380
18.06.2021 18:00,971,525,1017,967,3263,33,1588,3195,1611,1918,154,385
18.06.2021 18:15,945,552,1069,1000,2838,33,1589,3194,1632,1939,236,381
18.06.2021 18:30,946,570,1078,1065,2429,33,1590,3211,1653,1945,316,380
18.06.2021 18:45,964,593,1092,1085,2039,33,1590,3211,1667,1939,508,381
18.06.2021 19:00,979,539,1130,1091,1668,33,1590,3205,1685,1938,450,378
18.06.2021 19:15,982,575,1148,1080,1338,33,1590,3221,1689,1935,609,380
18.06.2021 19:30,983,598,1157,1075,1060,33,1589,3213,1688,1944,699,379
18.06.2021 19:45,979,588,1174,1117,817,33,1591,3229,1672,1938,790,379
18.06.2021 20:00,977,574,1186,1158,622,33,1597,3262,1589,1938,984,376
18.06.2021 20:15,977,565,1152,1238,442,33,1601,3249,1583,1941,984,373
18.06.2021 20:30,983,571,1119,1305,288,33,1603,3259,1578,1937,985,378
18.06.2021 20:45,980,562,1087,1409,167,33,1603,3244,1580,1938,898,377
18.06.2021 21:00,979,592,942,1495,81,33,1603,3274,1564,1958,1125,377
18.06.2021 21:15,976,584,811,1617,28,33,1603,3271,1562,1968,1049,373
18.06.2021 21:30,974,574,792,1774,6,33,1604,3255,1557,1980,925,373
18.06.2021 21:45,972,549,856,1867,1,33,1603,3223,1547,1978,761,373
18.06.2021 22:00,963,578,919,1978,0,33,1607,3209,1546,1961,862,373
18.06.2021 22:15,966,551,1042,2123,0,34,1607,3180,1541,1947,512,374
18.06.2021 22:30,968,567,986,2121,0,34,1610,3193,1513,1877,559,375
18.06.2021 22:45,970,545,874,2092,0,34,1610,3209,1482,1821,378,377
18.06.2021 23:00,964,583,857,2074,0,34,1609,3182,1472,1777,425,374
18.06.2021 23:15,967,521,925,2013,0,34,1610,3165,1412,1786,288,385
18.06.2021 23:30,964,512,938,1976,0,34,1610,3179,1354,1724,186,376
18.06.2021 23:45,963,511,839,1984,0,34,1611,3188,1297,1654,167,374
19.06.2021 00:00,955,561,703,2011,0,34,1618,3231,1013,1400,126,375
19.06.2021 00:15,958,585,648,1968,0,34,1632,3253,900,1279,288,374
19.06.2021 00:30,950,550,587,1978,0,34,1633,3261,853,1227,284,375
19.06.2021 00:45,948,576,514,2030,0,34,1634,3256,853,1205,199,373
19.06.2021 01:00,949,593,479,2026,0,34,1632,3240,857,1198,300,372
19.06.2021 01:15,948,587,409,2012,0,34,1632,3232,835,1182,274,375
19.06.2021 01:30,946,588,381,1918,0,34,1633,3228,715,1185,414,375
19.06.2021 01:45,945,574,359,1843,0,34,1635,3227,698,1186,410,373
19.06.2021 02:00,954,548,365,1805,0,34,1635,3228,657,1200,252,374
19.06.2021 02:15,956,549,372,1762,0,34,1634,3209,653,1219,177,374
19.06.2021 02:30,960,548,391,1746,0,34,1634,3175,681,1270,112,373
19.06.2021 02:45,961,544,418,1748,0,34,1634,3157,677,1279,71,376
19.06.2021 03:00,966,559,465,1735,0,34,1634,3158,668,1277,121,375
19.06.2021 03:15,967,540,480,1724,0,34,1634,3141,667,1279,77,375
19.06.2021 03:30,972,527,528,1726,0,34,1634,3143,673,1282,75,373
19.06.2021 03:45,974,524,602,1716,0,34,1635,3133,677,1257,73,374
19.06.2021 04:00,975,551,654,1714,0,34,1635,3140,650,1222,15,371
19.06.2021 04:15,977,556,683,1709,0,34,1635,3136,648,1207,16,375
19.06.2021 04:30,978,540,670,1738,1,34,1634,3146,641,1205,17,374
19.06.2021 04:45,983,538,649,1784,6,34,1633,3140,631,1196,18,376
19.06.2021 05:00,982,547,639,1784,26,34,1621,3128,641,1244,14,372
19.06.2021 05:15,989,523,636,1796,65,34,1631,3101,637,1254,6,376
19.06.2021 05:30,992,520,649,1813,143,34,1621,3078,619,1261,4,377
19.06.2021 05:45,997,521,637,1808,272,34,1630,3066,601,1263,4,378
19.06.2021 06:00,1003,554,607,1787,451,34,1623,2990,611,1264,39,373
19.06.2021 06:15,1010,535,613,1755,640,34,1611,2987,611,1283,85,370
19.06.2021 06:30,1015,534,583,1738,887,34,1608,2986,612,1284,59,368
19.06.2021 06:45,1019,578,555,1678,1152,34,1609,2994,611,1275,96,371
19.06.2021 07:00,1028,566,511,1597,1444,34,1611,2984,612,1307,86,366
19.06.2021 07:15,1036,555,479,1500,1760,34,1613,2992,611,1311,138,372
19.06.2021 07:30,1037,556,449,1384,2116,33,1614,2987,610,1290,144,370
19.06.2021 07:45,1035,556,443,1306,2549,33,1610,2969,643,1286,191,372
19.06.2021 08:00,1037,558,468,1298,2943,33,1609,2876,677,1300,714,371
19.06.2021 08:15,1036,542,525,1317,3346,33,1606,2824,680,1301,573,368
19.06.2021 08:30,1041,540,588,1352,3728,33,1604,2798,702,1281,532,368
19.06.2021 08:45,1040,548,653,1396,4021,33,1579,2737,762,1224,298,370
19.06.2021 09:00,1028,594,725,1419,4449,33,1555,2653,743,1156,448,370
19.06.2021 09:15,1029,546,734,1479,4829,33,1534,2632,769,1124,248,367
19.06.2021 09:30,1031,527,761,1554,5219,33,1526,2636,799,1090,46,366
19.06.2021 09:45,1025,562,749,1570,5543,33,1516,2582,823,1048,41,370
19.06.2021 10:00,1005,621,748,1589,5905,33,1490,2458,836,977,104,368
19.06.2021 10:15,985,585,780,1580,6223,33,1489,2368,876,902,99,369
19.06.2021 10:30,982,562,819,1541,6542,33,1489,2308,915,836,30,371
19.06.2021 10:45,983,553,849,1475,6831,33,1488,2261,933,835,17,368
19.06.2021 11:00,979,580,813,1410,7063,33,1491,2225,946,825,37,368
19.06.2021 11:15,979,559,766,1400,7274,33,1491,2218,955,823,18,367
19.06.2021 11:30,985,549,712,1382,7455,33,1491,2207,961,829,16,370
19.06.2021 11:45,983,514,651,1387,7635,33,1491,2172,964,825,5,371
19.06.2021 12:00,970,562,582,1350,7773,33,1505,2141,950,814,18,370
19.06.2021 12:15,969,520,545,1323,7889,33,1506,2102,940,819,5,369
19.06.2021 12:30,970,507,550,1288,7953,33,1507,2093,934,823,3,365
19.06.2021 12:45,972,508,522,1181,7982,33,1506,2074,929,795,2,370
19.06.2021 13:00,971,544,496,1092,8036,33,1513,2068,940,735,13,371
19.06.2021 13:15,973,541,464,1008,8034,33,1512,2132,936,730,3,370
19.06.2021 13:30,973,553,447,937,7955,33,1512,2162,937,735,3,369
19.06.2021 13:45,973,546,443,877,7878,33,1512,2207,944,735,3,367
19.06.2021 14:00,971,531,442,834,7701,33,1510,2297,934,737,2,366
19.06.2021 14:15,971,524,411,781,7563,33,1509,2326,936,752,20,366
19.06.2021 14:30,970,539,399,727,7415,33,1508,2330,953,754,62,366
19.06.2021 14:45,975,549,397,697,7236,33,1509,2343,953,761,89,371
19.06.2021 15:00,973,526,380,660,7012,33,1522,2410,931,803,56,365
19.06.2021 15:15,977,556,333,646,6746,33,1527,2452,926,815,135,371
19.06.2021 15:30,974,550,298,638,6512,33,1527,2451,960,827,174,369
19.06.2021 15:45,980,562,267,628,6251,33,1527,2480,971,841,191,368
19.06.2021 16:00,984,521,228,615,5999,33,1542,2563,925,887,75,366
19.06.2021 16:15,991,531,219,603,5731,33,1566,2637,885,936,114,368
19.06.2021 16:30,993,554,238,574,5387,33,1569,2672,870,1018,162,369
19.06.2021 16:45,992,564,254,559,5056,33,1573,2699,859,1067,230,371
19.06.2021 17:00,999,521,231,592,4743,33,1584,2763,814,1094,71,372
19.06.2021 17:15,1004,518,211,595,4328,33,1595,2817,806,1110,118,369
19.06.2021 17:30,1003,528,203,586,3967,33,1599,2825,814,1175,228,369
19.06.2021 17:45,1006,563,187,621,3521,33,1596,2840,830,1213,527,368
19.06.2021 18:00,1013,509,175,684,3126,33,1594,2944,690,1268,178,373
19.06.2021 18:15,1017,557,161,742,2731,33,1596,2982,702,1276,236,375
19.06.2021 18:30,1014,576,157,761,2349,33,1597,2999,715,1279,379,375
19.06.2021 18:45,1017,582,158,785,1982,33,1597,2988,729,1280,686,372
19.06.2021 19:00,1002,516,177,783,1647,33,1596,2995,762,1282,405,375
19.06.2021 19:15,1005,544,192,812,1329,33,1596,2982,761,1284,570,371
19.06.2021 19:30,1007,556,198,828,1070,33,1597,2993,764,1294,637,372
19.06.2021 19:45,1006,550,210,902,842,33,1600,2990,764,1280,763,373
19.06.2021 20:00,1005,580,222,971,637,33,1611,2998,761,1290,826,373
19.06.2021 20:15,1006,574,194,922,446,33,1621,3009,758,1295,814,371
19.06.2021 20:30,1023,573,194,942,293,33,1621,3008,771,1293,783,372
19.06.2021 20:45,1028,564,189,1008,170,33,1624,3004,829,1298,759,375
19.06.2021 21:00,1020,588,172,1111,84,33,1627,3008,840,1303,896,377
19.06.2021 21:15,1021,571,180,1204,28,33,1629,3009,862,1305,831,376
19.06.2021 21:30,1017,568,209,1260,7,33,1630,3006,887,1312,799,373
19.06.2021 21:45,1017,556,243,1361,2,33,1631,3005,897,1309,838,372
19.06.2021 22:00,1012,612,245,1436,0,33,1631,3014,892,1315,953,369
19.06.2021 22:15,1010,583,232,1564,0,33,1631,3008,904,1318,859,374
19.06.2021 22:30,1008,557,201,1666,0,33,1633,3011,911,1292,887,371
19.06.2021 22:45,1016,560,203,1770,0,33,1630,3010,898,1254,601,375
19.06.2021 23:00,1019,532,192,1928,0,33,1629,3008,873,1221,455,372
19.06.2021 23:15,1019,536,160,2155,0,33,1629,2953,873,1197,254,371
19.06.2021 23:30,1015,555,152,2267,0,33,1629,2901,843,1136,119,374
19.06.2021 23:45,1015,515,154,2335,0,33,1630,2810,827,1066,58,369
20.06.2021 00:00,1004,549,158,2344,0,33,1631,2629,743,975,237,370
20.06.2021 00:15,1003,526,169,2311,0,33,1631,2542,676,903,144,374
20.06.2021 00:30,1000,521,174,2331,0,33,1631,2528,644,837,137,373
20.06.2021 00:45,996,525,204,2451,0,33,1631,2540,629,804,101,373
20.06.2021 01:00,993,549,238,2585,0,33,1632,2594,583,736,204,372
20.06.2021 01:15,993,547,286,2689,0,33,1632,2604,544,733,142,374
20.06.2021 01:30,993,524,324,2820,0,33,1632,2534,527,740,120,372
20.06.2021 01:45,994,537,349,3002,0,33,1631,2428,532,738,65,374
20.06.2021 02:00,993,540,373,3076,0,33,1630,2290,593,671,50,372
20.06.2021 02:15,993,523,418,3138,0,34,1628,2171,596,655,6,372
20.06.2021 02:30,993,533,490,3182,0,33,1630,2117,620,645,45,373
20.06.2021 02:45,996,536,580,3107,0,33,1629,2009,640,643,65,370
20.06.2021 03:00,989,536,645,3248,0,33,1623,1879,639,637,121,374
20.06.2021 03:15,991,528,663,3302,0,33,1623,1826,627,633,54,372
20.06.2021 03:30,994,525,623,3208,0,34,1622,1824,608,641,71,375
20.06.2021 03:45,990,530,483,3170,0,34,1623,1798,590,641,175,371
20.06.2021 04:00,993,549,455,3189,0,34,1630,1784,567,634,311,373
20.06.2021 04:15,992,545,554,3353,0,34,1631,1759,567,630,197,373
20.06.2021 04:30,996,524,712,3604,1,34,1625,1720,565,626,96,372
20.06.2021 04:45,995,542,777,3682,6,33,1595,1717,550,633,138,373
20.06.2021 05:00,997,552,733,3641,31,34,1595,1715,547,619,95,369
20.06.2021 05:15,999,534,837,3808,61,34,1594,1669,547,613,60,372
20.06.2021 05:30,1001,527,967,3696,101,34,1571,1608,546,618,57,373
20.06.2021 05:45,1004,541,1081,3707,183,34,1568,1598,545,614,64,371
20.06.2021 06:00,1013,539,1181,3744,305,34,1565,1612,543,613,48,372
20.06.2021 06:15,1015,534,1273,3643,458,34,1559,1619,540,619,19,367
20.06.2021 06:30,1018,528,1358,3524,642,34,1559,1621,543,620,8,372
20.06.2021 06:45,1018,523,1403,3473,846,34,1557,1626,541,609,15,368
20.06.2021 07:00,1021,539,1409,3553,1050,34,1540,1632,544,607,30,371
20.06.2021 07:15,1016,543,1412,3349,1273,34,1543,1639,544,605,95,369
20.06.2021 07:30,1009,563,1393,3122,1534,33,1596,1645,545,622,213,368
20.06.2021 07:45,1016,548,1368,2955,1812,33,1609,1679,546,626,162,369
20.06.2021 08:00,1025,542,1343,2934,2098,33,1609,1721,544,638,200,365
20.06.2021 08:15,1022,554,1280,2873,2331,33,1608,1732,545,647,170,368
20.06.2021 08:30,1027,548,1254,2846,2568,33,1608,1724,546,646,245,364
20.06.2021 08:45,1028,525,1247,2833,2819,33,1608,1718,547,647,103,367
20.06.2021 09:00,1023,575,1204,2814,3072,33,1611,1731,491,651,201,367
20.06.2021 09:15,1016,565,1170,2872,3388,33,1610,1748,446,646,107,365
20.06.2021 09:30,1021,525,1143,2957,3687,33,1609,1743,443,648,34,368
20.06.2021 09:45,1029,546,1096,3045,3978,33,1611,1735,444,648,1,369
20.06.2021 10:00,1018,586,1065,3149,4250,33,1611,1759,444,648,47,365
20.06.2021 10:15,1020,548,1052,3171,4506,33,1612,1728,446,652,11,362
20.06.2021 10:30,1012,547,1122,3224,4733,33,1603,1691,447,647,10,363
20.06.2021 10:45,1008,537,1136,3240,5003,33,1575,1613,449,645,7,361
20.06.2021 11:00,993,549,1154,3305,5229,33,1507,1564,447,642,12,365
20.06.2021 11:15,982,546,1128,3319,5430,33,1516,1571,453,642,11,366
20.06.2021 11:30,983,527,1068,3318,5680,33,1516,1574,462,647,4,362
20.06.2021 11:45,982,521,1068,3383,5879,33,1516,1603,455,639,2,365
20.06.2021 12:00,976,531,1037,3489,6045,33,1547,1584,391,628,18,365
20.06.2021 12:15,979,528,991,3546,6186,33,1533,1547,395,634,3,366
20.06.2021 12:30,976,540,948,3554,6267,33,1525,1544,391,629,20,364
20.06.2021 12:45,981,514,962,3532,6288,33,1506,1542,385,631,4,365
20.06.2021 13:00,977,542,1007,3458,6328,33,1460,1552,390,627,18,366
20.06.2021 13:15,963,545,999,3184,6318,33,1404,1583,393,628,5,367
20.06.2021 13:30,948,537,996,3000,6318,33,1380,1575,390,629,25,363
20.06.2021 13:45,958,522,960,2980,6322,33,1407,1491,388,627,22,366
20.06.2021 14:00,963,520,882,2981,6341,33,1418,1481,385,627,19,360
20.06.2021 14:15,964,527,814,2879,6279,33,1420,1477,384,631,42,365
20.06.2021 14:30,963,529,716,2702,6169,33,1422,1489,383,626,68,362
20.06.2021 14:45,966,532,652,2542,5979,33,1448,1485,383,629,76,357
20.06.2021 15:00,965,533,542,2447,5807,33,1522,1497,320,631,60,353
20.06.2021 15:15,963,545,443,2353,5674,33,1583,1521,320,638,23,366
20.06.2021 15:30,968,555,421,2179,5495,33,1600,1544,323,642,87,363
20.06.2021 15:45,967,567,410,1974,5265,33,1608,1623,325,629,138,365
20.06.2021 16:00,983,541,350,1792,4990,33,1610,1830,329,637,45,366
20.06.2021 16:15,990,568,297,1673,4654,33,1609,1976,328,650,58,367
20.06.2021 16:30,1001,586,313,1519,4293,33,1610,2122,336,652,191,364
20.06.2021 16:45,998,553,303,1400,3897,33,1611,2399,352,687,217,366
20.06.2021 17:00,1002,540,281,1245,3537,33,1609,2600,324,718,131,364
20.06.2021 17:15,1006,559,314,1067,3216,33,1611,2741,360,753,210,363
20.06.2021 17:30,1015,582,347,886,2873,33,1611,2796,395,795,548,367
20.06.2021 17:45,1017,586,348,805,2550,33,1611,2851,459,813,769,362
20.06.2021 18:00,1022,527,325,770,2249,33,1609,2954,493,874,264,367
20.06.2021 18:15,1023,567,288,735,1964,33,1610,3023,511,878,371,365
20.06.2021 18:30,1029,581,203,732,1678,33,1613,3054,542,925,705,370
20.06.2021 18:45,1034,583,183,682,1431,33,1622,3068,569,984,1042,371
20.06.2021 19:00,1035,566,177,641,1210,33,1629,3101,626,1050,800,367
20.06.2021 19:15,1039,582,176,626,997,33,1631,3120,649,1076,788,369
20.06.2021 19:30,1040,582,174,643,806,33,1634,3123,668,1099,859,370
20.06.2021 19:45,1038,595,177,645,637,33,1633,3137,705,1101,923,369
20.06.2021 20:00,1042,571,169,687,483,33,1633,3197,749,1126,945,372
20.06.2021 20:15,1042,573,176,705,343,33,1633,3225,759,1127,942,370
20.06.2021 20:30,1043,597,181,716,223,33,1633,3244,767,1123,913,372
20.06.2021 20:45,1041,599,179,728,136,33,1633,3261,769,1130,919,374
20.06.2021 21:00,1040,603,187,788,77,33,1633,3278,766,1136,909,372
20.06.2021 21:15,1035,592,169,882,34,33,1634,3289,768,1137,869,375
20.06.2021 21:30,1037,594,171,923,12,33,1635,3291,768,1141,733,369
20.06.2021 21:45,1037,594,205,935,4,33,1636,3287,790,1136,726,371
20.06.2021 22:00,1024,582,198,985,0,33,1637,3298,795,1141,797,371
20.06.2021 22:15,1024,571,189,1124,0,33,1637,3296,800,1143,558,373
20.06.2021 22:30,1019,573,191,1399,0,33,1636,3293,801,1138,464,369
20.06.2021 22:45,1020,556,193,1671,0,33,1634,3261,802,1117,161,370
20.06.2021 23:00,1010,601,239,1791,0,33,1635,3275,772,1040,261,370
20.06.2021 23:15,1000,551,291,1912,0,33,1636,3259,746,1002,133,372
20.06.2021 23:30,976,571,300,1846,0,33,1632,3259,716,983,107,374
20.06.2021 23:45,976,553,334,2022,0,33,1631,3253,705,945,72,371
21.06.2021 00:00,983,583,343,2088,0,33,1633,3258,707,928,53,372
21.06.2021 00:15,991,566,321,2189,0,33,1635,3238,681,912,33,372
21.06.2021 00:30,983,587,323,2187,0,33,1639,3222,674,896,25,377
21.06.2021 00:45,980,589,328,2226,0,33,1639,3197,652,913,31,376
21.06.2021 01:00,978,592,323,2203,0,33,1639,3198,641,955,55,378
21.06.2021 01:15,979,582,303,2224,0,33,1639,3192,645,948,17,375
21.06.2021 01:30,980,576,306,2236,0,33,1640,3194,655,952,21,376
21.06.2021 01:45,978,566,312,2252,0,33,1641,3199,664,931,11,375
21.06.2021 02:00,980,568,302,2270,0,33,1640,3207,658,927,15,375
21.06.2021 02:15,975,570,271,2281,0,33,1639,3205,650,967,15,370
21.06.2021 02:30,978,573,275,2196,0,33,1639,3210,617,962,22,370
21.06.2021 02:45,976,569,310,2246,0,33,1639,3197,606,947,12,370
21.06.2021 03:00,977,571,350,2334,0,33,1641,3136,555,901,12,369
21.06.2021 03:15,975,571,391,2328,0,33,1641,3098,557,900,12,372
21.06.2021 03:30,980,569,448,2351,0,33,1641,3097,557,901,12,372
21.06.2021 03:45,979,567,476,2439,0,33,1641,3081,549,898,9,372
21.06.2021 04:00,983,587,463,2493,0,33,1642,3134,550,886,19,374
21.06.2021 04:15,985,595,461,2504,0,33,1642,3147,563,894,19,374
21.06.2021 04:30,984,616,435,2465,1,33,1643,3145,589,886,38,371
21.06.2021 04:45,981,608,398,2450,4,33,1643,3188,604,893,50,371
21.06.2021 05:00,991,590,359,2451,25,33,1642,3255,642,991,34,374
21.06.2021 05:15,993,563,347,2437,42,33,1643,3315,667,1053,16,371
21.06.2021 05:30,995,572,348,2441,80,33,1644,3357,722,1076,4,369
21.06.2021 05:45,1000,603,361,2462,161,33,1644,3361,764,1079,33,369
21.06.2021 06:00,1012,588,385,2487,265,33,1637,3354,742,1129,79,369
21.06.2021 06:15,1027,602,388,2481,385,33,1629,3353,768,1173,322,368
21.06.2021 06:30,1029,612,425,2490,521,33,1629,3376,799,1214,439,367
21.06.2021 06:45,1031,632,469,2441,692,33,1630,3368,824,1280,558,369
21.06.2021 07:00,1049,579,503,2417,914,33,1628,3347,856,1430,466,369
21.06.2021 07:15,1056,610,556,2437,1179,33,1629,3369,874,1477,451,372
21.06.2021 07:30,1055,579,651,2494,1489,33,1628,3376,944,1488,426,373
21.06.2021 07:45,1057,570,712,2522,1802,33,1627,3398,978,1483,317,373
21.06.2021 08:00,1066,630,762,2526,2182,33,1627,3393,1027,1443,501,366
21.06.2021 08:15,1064,611,779,2538,2573,33,1627,3390,1074,1439,393,364
21.06.2021 08:30,1064,567,829,2565,2977,33,1626,3384,1096,1438,322,365
21.06.2021 08:45,1063,553,878,2455,3370,33,1626,3366,1138,1425,221,367
21.06.2021 09:00,1053,599,915,2443,3750,33,1628,3403,1172,1435,545,368
21.06.2021 09:15,1050,562,968,2429,4135,33,1629,3391,1201,1464,293,364
21.06.2021 09:30,1056,549,1005,2438,4478,33,1625,3390,1199,1480,296,366
21.06.2021 09:45,1056,575,1027,2434,4801,33,1625,3386,1193,1487,169,364
21.06.2021 10:00,1048,593,1077,2433,5082,33,1626,3374,1163,1497,306,359
21.06.2021 10:15,1041,553,1090,2417,5363,33,1622,3348,1142,1501,165,360
21.06.2021 10:30,1039,554,1086,2469,5605,33,1623,3344,1128,1496,147,358
21.06.2021 10:45,1039,549,1096,2513,5832,33,1623,3332,1111,1500,104,360
21.06.2021 11:00,1036,613,1102,2502,6000,33,1622,3333,1092,1479,194,361
21.06.2021 11:15,1029,589,1123,2444,6138,33,1623,3331,1091,1482,156,361
21.06.2021 11:30,1018,622,1112,2369,6307,33,1620,3331,1096,1489,197,357
21.06.2021 11:45,1012,608,998,2394,6416,33,1619,3337,1096,1477,247,362
21.06.2021 12:00,986,617,991,2326,6485,33,1616,3329,1090,1480,330,358
21.06.2021 12:15,981,574,974,2268,6567,33,1616,3325,1093,1483,170,359
21.06.2021 12:30,981,590,882,2329,6640,33,1613,3335,1097,1484,156,358
21.06.2021 12:45,981,590,842,2338,6792,33,1613,3335,1095,1490,91,360
21.06.2021 13:00,977,628,804,2276,6837,33,1618,3325,1089,1460,132,381
21.06.2021 13:15,978,620,732,2237,6823,33,1617,3328,1103,1470,168,389
21.06.2021 13:30,977,561,707,2252,6885,33,1614,3333,1119,1470,145,393
21.06.2021 13:45,979,534,700,2274,6847,33,1614,3324,1121,1462,52,359
21.06.2021 14:00,979,542,657,2275,6778,33,1614,3324,1106,1458,34,361
21.06.2021 14:15,983,565,630,2269,6705,33,1615,3329,1127,1456,59,357
21.06.2021 14:30,984,552,641,2270,6626,33,1615,3324,1127,1443,39,359
21.06.2021 14:45,984,537,663,2285,6500,33,1615,3325,1123,1450,33,355
21.06.2021 15:00,983,550,651,2292,6349,33,1617,3321,1060,1450,34,359
21.06.2021 15:15,986,556,652,2306,6205,33,1617,3282,1061,1450,64,362
21.06.2021 15:30,981,550,677,2348,6069,33,1617,3233,1058,1476,75,363
21.06.2021 15:45,989,546,703,2414,5846,33,1616,3172,1064,1496,140,361
21.06.2021 16:00,999,536,720,2399,5581,33,1616,3171,1100,1496,37,357
21.06.2021 16:15,1004,557,732,2366,5324,33,1615,3171,1136,1562,55,358
21.06.2021 16:30,1009,561,789,2376,5048,33,1614,3143,1148,1595,39,361
21.06.2021 16:45,1009,577,842,2367,4708,33,1613,3156,1160,1633,64,364
21.06.2021 17:00,1019,554,849,2373,4376,33,1612,3206,1163,1636,40,360
21.06.2021 17:15,1021,565,877,2338,4054,33,1611,3229,1168,1626,78,361
21.06.2021 17:30,1030,560,898,2404,3681,33,1610,3229,1180,1642,92,360
21.06.2021 17:45,1038,596,891,2448,3281,33,1613,3244,1187,1623,218,360
21.06.2021 18:00,1048,546,897,2463,2886,33,1610,3228,1176,1627,187,367
21.06.2021 18:15,1052,554,895,2452,2482,33,1609,3242,1178,1659,383,366
21.06.2021 18:30,1055,593,883,2435,2117,33,1609,3250,1176,1658,524,370
21.06.2021 18:45,1052,598,851,2471,1750,33,1610,3282,1191,1672,813,366
21.06.2021 19:00,1053,554,839,2453,1415,33,1611,3310,1196,1674,676,365
21.06.2021 19:15,1055,578,835,2457,1107,33,1609,3335,1191,1665,747,365
21.06.2021 19:30,1055,575,820,2426,856,33,1608,3358,1192,1664,685,363
21.06.2021 19:45,1060,568,819,2422,655,33,1608,3345,1190,1672,607,365
21.06.2021 20:00,1051,546,837,2473,493,33,1610,3343,1155,1656,470,364
21.06.2021 20:15,1050,550,850,2544,344,33,1609,3345,1149,1621,362,365
21.06.2021 20:30,1050,573,872,2560,219,33,1609,3336,1145,1616,369,363
21.06.2021 20:45,1049,532,945,2578,127,33,1610,3321,1136,1616,242,364
21.06.2021 21:00,1037,604,1016,2613,61,33,1612,3340,1143,1634,526,367
21.06.2021 21:15,1035,564,982,2688,20,33,1614,3341,1134,1618,384,366
21.06.2021 21:30,1037,532,990,2663,4,33,1614,3338,1129,1613,278,365
21.06.2021 21:45,1035,535,1013,2581,1,33,1615,3326,1142,1609,235,366
21.06.2021 22:00,1023,586,1060,2429,0,34,1615,3369,1159,1652,303,363
21.06.2021 22:15,1019,548,1073,2404,0,33,1616,3373,1160,1678,265,365
21.06.2021 22:30,1015,551,1046,2357,0,33,1617,3376,1162,1666,247,365
21.06.2021 22:45,1015,536,979,2272,0,34,1618,3373,1142,1616,214,365
21.06.2021 23:00,1009,601,884,2187,0,34,1630,3361,1135,1646,179,367
21.06.2021 23:15,1008,557,843,2132,0,34,1644,3333,1103,1617,106,362
21.06.2021 23:30,1008,545,865,2079,0,34,1651,3339,1063,1560,70,363
21.06.2021 23:45,1007,528,903,2069,0,34,1653,3278,1034,1522,41,361
22.06.2021 00:00,995,568,871,2088,0,34,1654,3200,1024,1522,63,370
22.06.2021 00:15,993,543,840,2009,0,34,1653,3192,1003,1459,58,372
22.06.2021 00:30,995,537,779,1951,0,34,1653,3192,988,1391,45,371
22.06.2021 00:45,994,535,739,1860,0,34,1652,3181,963,1366,28,374
22.06.2021 01:00,993,544,734,1845,0,34,1653,3191,927,1313,21,372
22.06.2021 01:15,993,552,707,1864,0,34,1654,3188,900,1301,19,372
22.06.2021 01:30,989,572,669,1868,0,34,1653,3174,875,1320,30,369
22.06.2021 01:45,987,552,642,1872,0,34,1654,3169,867,1311,20,372
22.06.2021 02:00,984,582,669,1855,0,34,1654,3189,848,1270,64,372
22.06.2021 02:15,988,558,655,1828,0,34,1654,3183,844,1268,49,375
22.06.2021 02:30,991,561,666,1799,0,34,1654,3190,849,1261,50,373
22.06.2021 02:45,992,565,643,1742,0,34,1656,3198,866,1286,52,370
22.06.2021 03:00,990,566,642,1706,0,34,1656,3209,898,1301,42,372
22.06.2021 03:15,990,555,645,1626,0,34,1657,3201,905,1320,37,368
22.06.2021 03:30,990,541,648,1591,0,34,1658,3204,913,1332,33,374
22.06.2021 03:45,986,545,643,1603,0,34,1659,3220,915,1323,35,371
22.06.2021 04:00,986,526,641,1628,0,34,1660,3261,927,1264,29,372
22.06.2021 04:15,987,523,698,1606,0,34,1660,3273,936,1306,34,372
22.06.2021 04:30,987,527,698,1546,1,34,1660,3280,952,1318,64,369
22.06.2021 04:45,988,544,691,1522,3,34,1660,3279,967,1377,88,371
22.06.2021 05:00,992,527,699,1510,26,34,1660,3324,995,1425,19,369
22.06.2021 05:15,995,521,722,1532,43,34,1660,3325,1050,1451,26,371
22.06.2021 05:30,999,532,763,1481,62,34,1660,3317,1102,1490,57,371
22.06.2021 05:45,1003,544,826,1441,133,34,1658,3322,1155,1540,61,368
22.06.2021 06:00,1024,528,852,1455,238,34,1649,3334,1232,1718,46,372
22.06.2021 06:15,1036,555,844,1440,370,34,1658,3353,1286,1800,68,371
22.06.2021 06:30,1040,572,788,1422,516,34,1659,3374,1332,1949,57,367
22.06.2021 06:45,1045,524,760,1398,683,34,1660,3382,1398,2048,128,368
22.06.2021 07:00,1059,536,762,1361,860,34,1660,3387,1460,2117,131,366
22.06.2021 07:15,1068,569,773,1332,1070,34,1660,3393,1503,2136,245,366
22.06.2021 07:30,1071,577,779,1387,1302,34,1659,3392,1524,2160,181,367
22.06.2021 07:45,1075,588,754,1423,1563,34,1658,3398,1526,2160,167,364
22.06.2021 08:00,1072,594,759,1426,1821,34,1656,3364,1536,2150,804,366
22.06.2021 08:15,1073,590,726,1415,2072,34,1657,3360,1547,2122,718,368
22.06.2021 08:30,1072,596,709,1433,2342,34,1656,3319,1550,2112,694,366
22.06.2021 08:45,1069,579,761,1412,2614,34,1656,3279,1537,2126,577,364
22.06.2021 09:00,1065,567,820,1398,2898,33,1657,3260,1535,2154,310,369
22.06.2021 09:15,1062,547,835,1380,3163,33,1655,3257,1520,2123,256,368
22.06.2021 09:30,1057,538,843,1348,3371,33,1657,3285,1510,2081,214,365
22.06.2021 09:45,1058,556,869,1320,3535,33,1656,3295,1507,2079,183,366
22.06.2021 10:00,1048,601,868,1318,3726,32,1657,3298,1498,2150,449,364
22.06.2021 10:15,1052,591,830,1295,3850,32,1657,3294,1508,2163,431,365
22.06.2021 10:30,1051,588,783,1243,3966,33,1656,3294,1520,2168,476,368
22.06.2021 10:45,1052,602,775,1202,4111,32,1656,3316,1519,2163,415,368
22.06.2021 11:00,1037,625,802,1168,4239,33,1657,3352,1530,2155,348,366
22.06.2021 11:15,1043,631,816,1138,4341,33,1656,3396,1539,2159,362,370
22.06.2021 11:30,1042,636,776,1102,4468,33,1656,3426,1543,2162,466,367
22.06.2021 11:45,1040,611,712,1095,4599,33,1654,3428,1545,2154,547,368
22.06.2021 12:00,1025,627,635,1072,4616,33,1653,3428,1536,2156,367,370
22.06.2021 12:15,1024,607,589,1028,4682,34,1654,3419,1520,2150,294,366
22.06.2021 12:30,1023,615,590,1018,4696,34,1654,3420,1507,2143,282,367
22.06.2021 12:45,1024,608,580,1007,4748,34,1646,3415,1500,2140,290,368
22.06.2021 13:00,1019,582,598,985,4767,34,1620,3420,1490,2133,305,370
22.06.2021 13:15,1020,593,600,962,4793,34,1618,3414,1484,2131,251,367
22.06.2021 13:30,1018,593,624,951,4770,33,1618,3418,1484,2131,177,367
22.06.2021 13:45,1015,559,617,943,4758,33,1617,3415,1479,2128,79,366
22.06.2021 14:00,1015,563,580,944,4694,33,1617,3415,1467,2118,73,358
22.06.2021 14:15,1015,567,563,961,4619,33,1615,3415,1455,2121,46,361
22.06.2021 14:30,1017,570,561,986,4523,33,1614,3412,1456,2124,75,358
22.06.2021 14:45,1015,566,526,1005,4467,33,1614,3395,1467,2121,116,362
22.06.2021 15:00,1016,573,494,1003,4395,33,1632,3380,1490,2119,96,361
22.06.2021 15:15,1015,581,517,1023,4298,33,1650,3395,1513,2128,68,355
22.06.2021 15:30,1017,570,513,1033,4209,33,1650,3385,1520,2133,39,359
22.06.2021 15:45,1019,569,495,1054,4035,33,1649,3381,1523,2134,28,364
22.06.2021 16:00,1032,534,488,1061,3878,33,1648,3399,1544,2126,32,366
22.06.2021 16:15,1033,537,479,1036,3659,34,1648,3402,1578,2130,56,364
22.06.2021 16:30,1035,549,496,1044,3472,34,1648,3402,1614,2134,61,364
22.06.2021 16:45,1038,571,545,1062,3225,34,1647,3406,1613,2137,78,360
22.06.2021 17:00,1048,566,596,1050,3038,34,1646,3406,1594,2114,29,364
22.06.2021 17:15,1047,571,619,1028,2767,34,1646,3404,1602,2141,55,364
22.06.2021 17:30,1058,594,650,993,2583,34,1647,3399,1628,2152,47,364
22.06.2021 17:45,1065,569,666,945,2467,34,1647,3400,1653,2152,193,362
22.06.2021 18:00,1073,553,697,917,2260,34,1647,3375,1680,2148,177,368
22.06.2021 18:15,1072,633,678,875,2009,34,1647,3411,1703,2155,258,370
22.06.2021 18:30,1078,597,651,860,1761,33,1647,3416,1711,2169,559,371
22.06.2021 18:45,1073,579,656,825,1520,33,1646,3413,1717,2170,843,366
22.06.2021 19:00,1077,561,676,807,1284,33,1646,3411,1727,2175,606,367
22.06.2021 19:15,1081,560,662,812,1054,33,1647,3412,1730,2159,749,369
22.06.2021 19:30,1081,562,675,810,844,33,1648,3403,1728,2159,845,370
22.06.2021 19:45,1082,570,677,812,671,33,1649,3408,1730,2161,844,366
22.06.2021 20:00,1074,584,631,833,512,33,1649,3403,1710,2161,682,365
22.06.2021 20:15,1070,582,558,862,368,33,1650,3398,1711,2166,624,372
22.06.2021 20:30,1070,573,524,854,243,33,1650,3392,1709,2156,571,370
22.06.2021 20:45,1074,571,508,831,145,33,1651,3398,1705,2160,582,368
22.06.2021 21:00,1056,571,528,822,75,34,1650,3400,1699,2151,688,369
22.06.2021 21:15,1054,572,524,833,28,34,1651,3399,1704,2155,653,369
22.06.2021 21:30,1052,561,528,812,8,34,1651,3395,1702,2150,524,368
22.06.2021 21:45,1054,561,552,790,2,34,1651,3394,1693,2132,369,366
22.06.2021 22:00,1037,566,608,767,0,34,1651,3400,1682,2142,439,365
22.06.2021 22:15,1036,560,613,813,0,34,1650,3390,1661,2151,314,367
22.06.2021 22:30,1033,579,616,842,0,34,1651,3401,1635,2151,251,367
22.06.2021 22:45,1030,561,583,823,0,34,1651,3398,1582,2151,131,369
22.06.2021 23:00,1022,556,580,810,0,34,1652,3409,1563,2114,94,363
22.06.2021 23:15,1022,530,575,829,0,34,1654,3402,1574,2098,26,371
22.06.2021 23:30,1018,542,559,813,0,34,1654,3395,1549,2072,40,369
22.06.2021 23:45,1015,560,534,780,0,34,1653,3393,1556,2051,29,371
23.06.2021 00:00,1008,550,520,755,0,34,1652,3382,1549,1925,41,360
23.06.2021 00:15,1004,546,490,746,0,34,1654,3354,1528,1707,30,359
23.06.2021 00:30,1006,553,450,750,0,34,1654,3358,1532,1607,32,360
23.06.2021 00:45,1005,548,439,731,0,34,1655,3343,1534,1550,10,360
23.06.2021 01:00,999,572,418,697,0,34,1655,3329,1549,1504,79,360
23.06.2021 01:15,994,543,397,680,0,34,1656,3324,1552,1489,34,359
23.06.2021 01:30,1001,534,390,687,0,34,1657,3321,1529,1479,16,365
23.06.2021 01:45,987,530,365,681,0,34,1656,3317,1504,1465,11,363
23.06.2021 02:00,964,538,347,650,0,34,1657,3328,1487,1422,6,361
23.06.2021 02:15,963,552,326,636,0,34,1657,3323,1478,1427,6,365
23.06.2021 02:30,963,554,313,605,0,34,1657,3317,1475,1435,6,359
23.06.2021 02:45,964,549,303,582,0,34,1657,3318,1474,1414,6,361
23.06.2021 03:00,982,551,304,576,0,34,1658,3320,1505,1428,14,360
23.06.2021 03:15,997,552,308,567,0,34,1657,3316,1524,1434,19,362
23.06.2021 03:30,1000,546,305,556,0,34,1658,3318,1582,1427,15,361
23.06.2021 03:45,1000,527,329,521,0,34,1659,3312,1602,1420,6,362
23.06.2021 04:00,1000,526,342,509,0,34,1660,3355,1631,1426,5,362
23.06.2021 04:15,997,525,342,491,0,34,1660,3366,1665,1430,5,360
23.06.2021 04:30,997,527,326,471,1,34,1660,3367,1692,1477,8,362
23.06.2021 04:45,1003,522,341,461,4,34,1661,3384,1693,1567,6,358
23.06.2021 05:00,1007,532,330,479,32,34,1661,3400,1717,1593,11,353
23.06.2021 05:15,1008,545,296,499,65,34,1662,3408,1747,1645,14,350
23.06.2021 05:30,1011,557,294,480,81,34,1661,3413,1768,1745,27,360
23.06.2021 05:45,1015,551,300,466,131,33,1663,3404,1815,1868,17,362
23.06.2021 06:00,1033,559,315,443,224,34,1663,3403,1937,2014,40,353
23.06.2021 06:15,1046,557,311,412,348,34,1663,3403,1996,2095,102,354
23.06.2021 06:30,1046,566,280,400,503,34,1663,3406,2029,2099,197,357
23.06.2021 06:45,1054,572,258,375,676,33,1663,3404,2061,2096,357,361
23.06.2021 07:00,1070,560,246,343,864,34,1663,3369,2047,2138,608,358
23.06.2021 07:15,1079,573,221,316,1083,34,1664,3399,2061,2153,705,355
23.06.2021 07:30,1083,586,204,280,1329,34,1664,3413,2062,2205,743,359
23.06.2021 07:45,1084,580,204,266,1576,34,1664,3410,2071,2268,646,366
23.06.2021 08:00,1085,601,201,255,1843,34,1663,3409,2079,2287,835,368
23.06.2021 08:15,1083,601,207,238,2076,34,1663,3404,2083,2288,767,361
23.06.2021 08:30,1082,590,194,228,2330,34,1663,3409,2084,2291,657,358
23.06.2021 08:45,1083,581,183,239,2597,34,1662,3413,2086,2293,463,362
23.06.2021 09:00,1084,601,192,232,2823,34,1662,3413,2084,2319,684,340
23.06.2021 09:15,1081,600,203,227,3099,34,1660,3411,2087,2346,592,339
23.06.2021 09:30,1077,596,214,214,3330,34,1660,3408,2087,2343,490,341
23.06.2021 09:45,1075,581,248,200,3553,34,1661,3408,2091,2330,375,340
23.06.2021 10:00,1061,583,249,186,3765,33,1660,3419,2101,2310,407,341
23.06.2021 10:15,1056,591,251,166,4022,33,1661,3423,2098,2243,325,339
23.06.2021 10:30,1058,583,243,166,4245,34,1659,3426,2094,2216,216,339
23.06.2021 10:45,1056,584,237,163,4424,34,1659,3421,2099,2200,159,341
23.06.2021 11:00,1041,570,234,152,4570,34,1659,3421,2096,2210,175,341
23.06.2021 11:15,1040,564,218,147,4720,34,1658,3423,2102,2205,163,342
23.06.2021 11:30,1039,561,204,146,4888,33,1652,3408,2093,2197,143,338
23.06.2021 11:45,1042,557,190,141,5003,33,1657,3432,2070,2205,81,337
23.06.2021 12:00,1026,554,167,146,5093,33,1656,3416,2048,2191,60,336
23.06.2021 12:15,1023,529,153,151,5235,33,1656,3407,2035,2174,21,341
23.06.2021 12:30,1021,578,119,161,5346,33,1655,3404,2025,2178,62,341
23.06.2021 12:45,1022,545,108,161,5398,33,1655,3368,2035,2166,32,336
23.06.2021 13:00,1021,609,98,168,5450,33,1655,3330,2045,2159,148,340
23.06.2021 13:15,1020,592,92,164,5504,33,1655,3342,2041,2165,145,341
23.06.2021 13:30,1019,579,76,183,5494,33,1654,3348,2025,2160,139,341
23.06.2021 13:45,1014,542,74,195,5472,33,1653,3331,2018,2151,49,341
23.06.2021 14:00,1015,551,69,220,5481,33,1652,3321,1989,2143,23,342
23.06.2021 14:15,1019,584,64,235,5427,33,1653,3345,1933,2151,56,341
23.06.2021 14:30,1016,565,64,254,5384,34,1652,3344,1887,2154,34,340
23.06.2021 14:45,1018,553,73,277,5300,34,1652,3329,1877,2152,59,344
23.06.2021 15:00,1018,546,82,282,5192,34,1627,3326,1849,2148,46,345
23.06.2021 15:15,1018,543,80,302,5055,34,1624,3334,1801,2142,52,346
23.06.2021 15:30,1021,554,83,323,4969,34,1613,3332,1802,2148,63,344
23.06.2021 15:45,1021,575,85,348,4805,33,1614,3318,1800,2143,76,348
23.06.2021 16:00,1031,541,86,353,4642,33,1613,3311,1803,2156,63,358
23.06.2021 16:15,1036,559,88,354,4407,34,1601,3318,1804,2177,87,359
23.06.2021 16:30,1035,577,92,368,4195,34,1600,3325,1808,2186,86,361
23.06.2021 16:45,1040,576,86,374,3990,34,1610,3320,1812,2198,177,357
23.06.2021 17:00,1054,541,80,410,3694,34,1645,3298,1804,2195,91,359
23.06.2021 17:15,1059,571,75,437,3424,34,1648,3328,1823,2237,94,358
23.06.2021 17:30,1053,587,68,457,3158,34,1648,3329,1848,2250,263,362
23.06.2021 17:45,1059,591,63,477,2862,34,1647,3325,1872,2254,432,358
23.06.2021 18:00,1072,544,53,506,2532,34,1647,3318,1893,2262,251,357
23.06.2021 18:15,1074,571,47,540,2207,34,1647,3327,1892,2287,251,358
23.06.2021 18:30,1073,610,44,580,1866,34,1647,3335,1895,2314,424,359
23.06.2021 18:45,1074,612,46,627,1523,34,1647,3336,1896,2323,707,360
23.06.2021 19:00,1076,595,39,645,1245,34,1646,3321,1897,2326,775,360
23.06.2021 19:15,1076,595,36,684,989,34,1646,3333,1891,2326,919,358
23.06.2021 19:30,1079,609,33,702,778,34,1646,3330,1885,2323,923,359
23.06.2021 19:45,1077,603,33,738,606,34,1646,3317,1878,2326,906,359
23.06.2021 20:00,1069,603,43,767,458,34,1646,3328,1873,2339,983,360
23.06.2021 20:15,1067,594,49,797,327,34,1646,3338,1877,2341,908,359
23.06.2021 20:30,1062,592,50,821,219,34,1646,3334,1887,2339,832,359
23.06.2021 20:45,1059,593,50,850,138,34,1646,3321,1876,2329,728,352
23.06.2021 21:00,1054,598,48,906,85,34,1648,3350,1854,2272,763,352
23.06.2021 21:15,1051,592,46,968,32,34,1649,3358,1829,2265,589,352
23.06.2021 21:30,1047,559,47,1022,8,34,1650,3365,1828,2208,452,355
23.06.2021 21:45,1042,574,47,1074,1,34,1648,3355,1816,2193,389,351
23.06.2021 22:00,1025,574,48,1125,0,34,1651,3379,1799,2186,198,356
23.06.2021 22:15,1023,542,53,1157,0,34,1648,3380,1782,2188,59,354
23.06.2021 22:30,1021,542,55,1200,0,34,1650,3378,1766,2181,50,355
23.06.2021 22:45,1021,533,51,1200,0,34,1653,3390,1754,2173,11,353
23.06.2021 23:00,1013,597,47,1198,0,34,1652,3406,1711,2151,117,351
23.06.2021 23:15,1011,547,40,1213,0,34,1653,3400,1668,2154,77,346
23.06.2021 23:30,1009,568,32,1164,0,34,1653,3371,1620,2162,106,345
23.06.2021 23:45,1012,543,29,1145,0,34,1655,3313,1621,2153,101,349
24.06.2021 00:00,997,551,31,1093,0,34,1656,3280,1599,2065,109,344
24.06.2021 00:15,996,556,34,1033,0,34,1657,3260,1589,1978,111,348
24.06.2021 00:30,995,551,40,970,0,34,1657,3251,1581,1956,94,350
24.06.2021 00:45,995,543,49,929,0,34,1655,3238,1583,1941,69,353
24.06.2021 01:00,988,580,65,881,0,34,1654,3247,1586,1930,17,348
24.06.2021 01:15,983,559,77,840,0,34,1655,3246,1584,1919,20,349
24.06.2021 01:30,978,577,65,801,0,34,1654,3253,1547,1910,13,351
24.06.2021 01:45,973,550,53,771,0,34,1655,3251,1516,1895,18,352
24.06.2021 02:00,978,563,45,733,0,34,1656,3229,1484,1894,14,350
24.06.2021 02:15,984,562,36,700,0,34,1656,3217,1438,1902,12,353
24.06.2021 02:30,985,561,30,673,0,34,1656,3213,1436,1897,14,352
24.06.2021 02:45,988,539,28,660,0,34,1656,3202,1425,1899,9,356
24.06.2021 03:00,987,567,26,680,0,34,1656,3206,1379,1906,5,353
24.06.2021 03:15,986,580,26,677,0,34,1656,3203,1371,1902,4,353
24.06.2021 03:30,985,566,23,660,0,34,1656,3186,1370,1902,30,354
24.06.2021 03:45,984,564,16,690,0,34,1656,3153,1375,1904,10,352
24.06.2021 04:00,983,581,12,685,0,34,1656,3142,1366,1906,4,356
24.06.2021 04:15,986,581,11,690,0,34,1657,3138,1361,1912,2,354
24.06.2021 04:30,985,579,8,663,0,34,1657,3133,1375,1903,12,354
24.06.2021 04:45,986,568,4,636,4,34,1657,3140,1439,1914,22,349
24.06.2021 05:00,992,572,1,599,22,34,1657,3172,1500,1912,67,352
24.06.2021 05:15,993,564,3,625,40,34,1658,3197,1587,1904,28,354
24.06.2021 05:30,996,561,7,606,65,34,1658,3177,1644,1935,20,355
24.06.2021 05:45,1001,567,13,581,125,34,1659,3190,1682,1971,58,356
24.06.2021 06:00,1021,562,18,538,215,34,1658,3197,1717,2060,33,353
24.06.2021 06:15,1029,572,23,497,329,34,1658,3198,1752,2169,60,353
24.06.2021 06:30,1027,572,35,485,467,34,1659,3205,1794,2205,72,348
24.06.2021 06:45,1039,586,37,457,626,34,1659,3216,1829,2219,194,346
24.06.2021 07:00,1055,580,34,410,798,34,1659,3212,1859,2264,306,355
24.06.2021 07:15,1066,594,29,379,989,34,1659,3212,1866,2273,441,356
24.06.2021 07:30,1067,604,26,357,1187,34,1658,3211,1869,2278,521,355
24.06.2021 07:45,1073,605,30,313,1406,34,1658,3211,1866,2295,543,353
24.06.2021 08:00,1074,662,28,273,1633,34,1658,3217,1865,2319,905,368
24.06.2021 08:15,1077,658,19,251,1876,34,1658,3216,1869,2325,935,373
24.06.2021 08:30,1077,607,19,225,2157,34,1658,3212,1869,2323,929,368
24.06.2021 08:45,1076,589,19,205,2411,34,1657,3215,1871,2324,792,371
24.06.2021 09:00,1072,600,10,206,2637,34,1656,3215,1865,2325,703,368
24.06.2021 09:15,1072,597,6,204,2889,34,1658,3215,1865,2322,612,367
24.06.2021 09:30,1065,586,6,191,3098,34,1658,3218,1867,2333,466,363
24.06.2021 09:45,1058,587,6,175,3318,34,1658,3217,1864,2335,341,363
24.06.2021 10:00,1048,593,5,167,3490,33,1658,3229,1867,2343,486,367
24.06.2021 10:15,1047,592,4,164,3619,33,1657,3233,1872,2345,469,369
24.06.2021 10:30,1045,587,5,158,3772,33,1657,3226,1883,2347,429,366
24.06.2021 10:45,1048,594,4,154,3939,33,1655,3228,1883,2369,307,368
24.06.2021 11:00,1038,600,3,151,4095,34,1655,3221,1881,2356,431,366
24.06.2021 11:15,1036,607,3,146,4247,34,1655,3225,1883,2373,408,369
24.06.2021 11:30,1039,604,2,146,4348,33,1655,3221,1880,2391,385,369
24.06.2021 11:45,1038,604,3,143,4449,33,1654,3224,1880,2386,270,363
24.06.2021 12:00,1021,605,3,143,4487,33,1654,3231,1867,2377,593,368
24.06.2021 12:15,1024,603,5,147,4595,33,1655,3257,1841,2388,422,370
24.06.2021 12:30,1021,596,7,149,4693,33,1654,3271,1843,2352,369,366
24.06.2021 12:45,1019,594,13,153,4808,33,1654,3275,1840,2347,315,360
24.06.2021 13:00,1015,605,15,158,4817,33,1652,3275,1843,2342,294,359
24.06.2021 13:15,1016,606,14,183,4824,33,1652,3271,1841,2343,200,364
24.06.2021 13:30,1017,599,13,187,4750,33,1651,3280,1837,2344,131,364
24.06.2021 13:45,1017,563,15,201,4700,33,1651,3264,1834,2325,38,369
24.06.2021 14:00,1017,581,17,209,4606,33,1651,3266,1715,2326,128,365
24.06.2021 14:15,1019,596,21,219,4478,33,1651,3275,1670,2325,170,365
24.06.2021 14:30,1018,603,23,228,4376,33,1651,3277,1678,2317,248,357
24.06.2021 14:45,1020,604,28,225,4310,33,1650,3273,1680,2320,250,357
24.06.2021 15:00,1018,587,29,240,4219,33,1650,3267,1689,2317,79,355
24.06.2021 15:15,1025,582,28,258,4086,33,1650,3258,1690,2312,59,350
24.06.2021 15:30,1022,596,27,266,3955,33,1649,3256,1686,2301,95,353
24.06.2021 15:45,1025,599,23,283,3843,33,1649,3254,1687,2296,120,355
24.06.2021 16:00,1035,576,23,293,3649,33,1648,3252,1688,2249,65,355
24.06.2021 16:15,1037,594,24,291,3481,33,1648,3249,1687,2210,84,358
24.06.2021 16:30,1037,608,29,297,3225,33,1648,3250,1686,2208,169,360
24.06.2021 16:45,1042,616,34,299,2952,33,1648,3261,1691,2237,312,358
24.06.2021 17:00,1049,577,34,308,2672,33,1647,3261,1689,2264,171,352
24.06.2021 17:15,1054,604,34,301,2451,33,1647,3254,1698,2271,325,357
24.06.2021 17:30,1067,614,42,285,2214,33,1648,3258,1715,2279,518,360
24.06.2021 17:45,1074,608,44,290,1974,33,1648,3259,1726,2305,627,361
24.06.2021 18:00,1082,595,47,299,1779,33,1649,3253,1731,2297,431,358
24.06.2021 18:15,1088,599,46,289,1571,33,1650,3263,1731,2349,470,360
24.06.2021 18:30,1084,600,46,295,1343,33,1649,3256,1729,2388,521,356
24.06.2021 18:45,1088,600,46,304,1146,33,1648,3254,1729,2385,699,355
24.06.2021 19:00,1086,598,51,297,979,33,1648,3251,1720,2371,726,351
24.06.2021 19:15,1087,610,51,303,820,33,1647,3293,1716,2371,759,348
24.06.2021 19:30,1086,615,56,304,694,33,1647,3323,1721,2369,752,354
24.06.2021 19:45,1089,631,62,291,568,33,1647,3361,1719,2383,770,355
24.06.2021 20:00,1083,630,61,276,444,34,1648,3355,1712,2376,814,349
24.06.2021 20:15,1080,631,61,267,332,34,1649,3369,1711,2375,766,353
24.06.2021 20:30,1078,630,61,252,229,34,1651,3369,1710,2374,719,361
24.06.2021 20:45,1074,630,54,259,148,34,1651,3371,1715,2327,674,364
24.06.2021 21:00,1067,635,47,263,85,34,1651,3362,1719,2301,748,357
24.06.2021 21:15,1061,630,42,269,34,34,1652,3356,1732,2297,624,354
24.06.2021 21:30,1059,627,35,269,12,34,1653,3362,1745,2300,479,351
24.06.2021 21:45,1056,619,29,253,3,34,1653,3361,1753,2271,390,353
24.06.2021 22:00,1042,619,30,240,0,34,1652,3349,1756,2216,424,336
24.06.2021 22:15,1038,625,26,262,0,34,1653,3363,1750,2222,231,335
24.06.2021 22:30,1033,626,25,279,0,34,1654,3365,1726,2224,131,334
24.06.2021 22:45,1034,589,26,294,0,34,1653,3366,1725,2213,59,334
24.06.2021 23:00,1028,628,29,307,0,35,1652,3375,1665,2211,176,340
24.06.2021 23:15,1026,550,28,324,0,35,1652,3353,1610,2206,78,340
24.06.2021 23:30,1023,543,26,323,0,35,1654,3348,1544,2208,62,341
24.06.2021 23:45,1021,554,25,331,0,35,1655,3347,1510,2193,42,340
